"r1","r0","rd","v1","v0","vd"
0.292446535540986,0.346192631139958,-0.0537460955989718,0.00197012233961963,0.000892478501908322,0.00242558983972666
