"r1","r0","rd","v1","v0","vd"
0.301669252432623,0.348720700752162,-0.0470514483195389,0.00214738446772434,0.00088763946136227,0.00270235461162548
