"result.r1","result.r0","result.rd","result.v1","result.v0","result.vd","result.mv1","result.mv0","result.mvd"
0.284744250198409,0.339817073579385,-0.0531251374256717,0.00366920122562355,0.000969095861571075,0.0044552328403438,0.00412673952525541,0.00110866516919601,0.00466981003950688
