"result.r1","result.r0","result.rd","result.v1","result.v0","result.vd","result.mv1","result.mv0","result.mvd"
0.290795390217236,0.334925407869355,-0.0394366115340022,0.00301952283054152,0.000962625805941737,0.00384580880579222,0.00315593340111609,0.0011311830587698,0.00424807139490614
