"r1","r0","rd","v1","v0","vd"
0.281849162554469,0.338987893323067,-0.0571387307685983,0.00386346672222254,0.000941603444782869,0.00449644851317277
