"r1","r0","rd","v1","v0","vd"
0.303492133679917,0.332290362287803,-0.0287982286078859,0.00335173583619797,0.00122711477998148,0.0043819219454954
