"r1","r0","rd","v1","v0","vd"
0.314081626274104,0.315327961089571,-0.00124633481546654,0.00411696838668316,0.00126347573704343,0.00528957329537855
