"r1","r0","rd","v1","v0","vd"
0.294627734561389,0.312840921624227,-0.0182131870628378,0.00279988382667731,0.00106793295136759,0.00374991610360487
