"r1","r0","rd","v1","v0","vd"
0.30299433246702,0.357966675398638,-0.0549723429316177,0.00361824976517924,0.000933747805645542,0.00441401716751484
