"r1","r0","rd","v1","v0","vd"
0.288222708087773,0.323783549249075,-0.0355608411613014,0.00387871386098235,0.000971335915729189,0.00467687609515313
