"r1","r0","rd","v1","v0","vd"
0.286966312650307,0.34081587986129,-0.0538495672109834,0.0029790126580537,0.0011137882598523,0.00375846722879013
