"r1","r0","rd","v1","v0","vd"
0.287379846574943,0.331727816019546,-0.0443479694446031,0.00253315465599453,0.00102483249947315,0.00335066835573208
