"r1","r0","rd","v1","v0","vd"
0.272754744779404,0.364373689528028,-0.091618944748624,0.0026615671547211,0.00127945208291991,0.00375099130676878
