"r1","r0","rd","v1","v0","vd"
0.230704073077621,0.340646253835703,-0.109942180758082,0.00372015268606786,0.000968561473370623,0.00449721221023726
