"r1","r0","rd","v1","v0","vd"
0.27940260135931,0.32828823084564,-0.0488856294863301,0.00382126090550163,0.000969630249771527,0.00469635410854938
