"r1","r0","rd","v1","v0","vd"
0.282522187746511,0.334922895386871,-0.05240070764036,0.00252530189283052,0.000861727361757188,0.00322257962226054
