"r1","r0","rd","v1","v0","vd"
0.294344412928205,0.329113036892637,-0.0347686239644324,0.00421000065808195,0.00133360342333242,0.00532167826809515
