"r1","r0","rd","v1","v0","vd"
0.315654457347972,0.331845402172789,-0.0161909448248174,0.00342324195433933,0.000910476381883168,0.00410732505326349
