"r1","r0","rd","v1","v0","vd"
0.330214971048135,0.344328484805494,-0.0141135137573589,0.00242441023387571,0.0011077336604857,0.00310338576165856
