"r1","r0","rd","v1","v0","vd"
0.318306115409002,0.349706802542573,-0.0314006871335711,0.00216593714220692,0.000892809766754067,0.00270849553597051
