"r1","r0","rd","v1","v0","vd"
0.276180237369731,0.316366161719252,-0.0401859243495209,0.00275075990116911,0.000946879463691417,0.00352419999110107
