"r1","r0","rd","v1","v0","vd"
0.232568386633521,0.346334501620859,-0.113766114987338,0.00448262540035403,0.00120602004322939,0.0054750690085995
